id,name,slug,searchName,categoryId,categoryName,sortOrder,isActive
aCwA5hYtwS08OAPZ8a7Q,Front Brake Pads,front-brake-pads,frontbrakepads,qUJcuxIEjZpESNVV9ORM,Braking System,1,true
XLeaEGtu6vtFt7tAvWhM,Rear Brake Pads,rear-brake-pads,rearbrakepads,qUJcuxIEjZpESNVV9ORM,Braking System,2,true
0SvakI1Vw7TgwXo59m2N,Brake Discs / Rotors,brake-discs-rotors,brakediscsrotors,qUJcuxIEjZpESNVV9ORM,Braking System,3,true
AGW11RMfwUXhuDjk1L2Z,Brake Shoes,brake-shoes,brakeshoes,qUJcuxIEjZpESNVV9ORM,Braking System,4,true
WbA4soIanqDvkPuGgXA2,Brake Drums,brake-drums,brakedrums,qUJcuxIEjZpESNVV9ORM,Braking System,5,true
UdOq8IZUvUMGS312Rpsh,Brake Caliper Assembly,brake-caliper-assembly,brakecaliperassembly,qUJcuxIEjZpESNVV9ORM,Braking System,6,true
B8dZ0kyPkkcxToViKnxJ,Brake Caliper Guide Pin Kit & Seals,brake-caliper-guide-pin-kit-seals,brakecaliperguidepinkitseals,qUJcuxIEjZpESNVV9ORM,Braking System,7,true
8bdMZIIVRisTvdmtHecC,Brake Master Cylinder,brake-master-cylinder,brakemastercylinder,qUJcuxIEjZpESNVV9ORM,Braking System,8,true
mQLazsFDNcWRTs3wYnrT,Wheel Brake Cylinder,wheel-brake-cylinder,wheelbrakecylinder,qUJcuxIEjZpESNVV9ORM,Braking System,9,true
6S00vybwHElpf8ccuqew,Brake Vacuum Booster / Servo,brake-vacuum-booster-servo,brakevacuumboosterservo,qUJcuxIEjZpESNVV9ORM,Braking System,10,true
XDt0UGzLB41jvnE6uB3T,Brake Fluid Reservoir Tank,brake-fluid-reservoir-tank,brakefluidreservoirtank,qUJcuxIEjZpESNVV9ORM,Braking System,11,true
doyX2ysFBUfk8cWzr8MZ,Brake Lines & Flexible Hoses,brake-lines-flexible-hoses,brakelinesflexiblehoses,qUJcuxIEjZpESNVV9ORM,Braking System,12,true
CuHDKOIlkJekFAgH1dGP,ABS Wheel Speed Sensors,abs-wheel-speed-sensors,abswheelspeedsensors,qUJcuxIEjZpESNVV9ORM,Braking System,13,true
YbsaD9i8KSN52z5dZUvF,ABS Modulator & Hydraulic Pump,abs-modulator-hydraulic-pump,absmodulatorhydraulicpump,qUJcuxIEjZpESNVV9ORM,Braking System,14,true
hmtEpj6qGbXHQA61AZys,Handbrake / Parking Brake Cables,handbrake-parking-brake-cables,handbrakeparkingbrakecables,qUJcuxIEjZpESNVV9ORM,Braking System,15,true
LEwtAlLbHwKIpZdepgYg,Pistons & Gudgeon Pins,pistons-gudgeon-pins,pistonsgudgeonpins,LvMYWuo46T5aqoitafk8,Engine & Engine Components,1,true
oyupJ5nRfFF3XbxP0voK,Piston Rings Set,piston-rings-set,pistonringsset,LvMYWuo46T5aqoitafk8,Engine & Engine Components,2,true
YdG9VcnMJQ2otBmrXb70,Engine Valves (Intake & Exhaust),engine-valves-intake-exhaust,enginevalvesintakeexhaust,LvMYWuo46T5aqoitafk8,Engine & Engine Components,3,true
SlGEAtBgXccLrMqrSiii,"Valve Guides, Springs & Stem Seals",valve-guides-springs-stem-seals,valveguidesspringsstemseals,LvMYWuo46T5aqoitafk8,Engine & Engine Components,4,true
HdVeMKJrwkOq4aYG3i12,Camshaft & Bearings,camshaft-bearings,camshaftbearings,LvMYWuo46T5aqoitafk8,Engine & Engine Components,5,true
MtIQyy38alZCjkp5DlBl,Crankshaft & Main Bearings,crankshaft-main-bearings,crankshaftmainbearings,LvMYWuo46T5aqoitafk8,Engine & Engine Components,6,true
Sn4bWf35U5qWZ1wc1MeE,Connecting Rods & Big End Bearings,connecting-rods-big-end-bearings,connectingrodsbigendbearings,LvMYWuo46T5aqoitafk8,Engine & Engine Components,7,true
g9i9seeg1lLxVmfSdglf,Cylinder Head Assembly,cylinder-head-assembly,cylinderheadassembly,LvMYWuo46T5aqoitafk8,Engine & Engine Components,8,true
kvW8I1G1jcteDULRm2U4,Cylinder Head Gasket,cylinder-head-gasket,cylinderheadgasket,LvMYWuo46T5aqoitafk8,Engine & Engine Components,9,true
cqkPg81FEgwglWpj8KYy,Complete Engine Overhaul Gasket Kit,complete-engine-overhaul-gasket-kit,completeengineoverhaulgasketkit,LvMYWuo46T5aqoitafk8,Engine & Engine Components,10,true
Qzuu9OrJEkokXf0T3RDo,Rocker Cover & Gasket,rocker-cover-gasket,rockercovergasket,LvMYWuo46T5aqoitafk8,Engine & Engine Components,11,true
Vv78NTPw0i3KQoLl1evT,Timing Belt,timing-belt,timingbelt,LvMYWuo46T5aqoitafk8,Engine & Engine Components,12,true
tTkogJL5XOlIdvmjNmrX,Timing Chain Kit & Tensioner,timing-chain-kit-tensioner,timingchainkittensioner,LvMYWuo46T5aqoitafk8,Engine & Engine Components,13,true
0FJj7z1C52DIn7w6QsRT,Timing Idler & Tensioner Pulleys,timing-idler-tensioner-pulleys,timingidlertensionerpulleys,LvMYWuo46T5aqoitafk8,Engine & Engine Components,14,true
w1dWD53A0vPtUl3n0N9f,"Engine Mounts / Bedding (Left, Right, Rear)",engine-mounts-bedding-left-right-rear,enginemountsbeddingleftrightrear,LvMYWuo46T5aqoitafk8,Engine & Engine Components,15,true
cEFbPlfwZqiVaidAGnDC,Engine Oil Sump / Pan,engine-oil-sump-pan,engineoilsumppan,LvMYWuo46T5aqoitafk8,Engine & Engine Components,16,true
Z7LjqCi1ZDsDr9p192xO,Engine Oil Pump Assembly,engine-oil-pump-assembly,engineoilpumpassembly,LvMYWuo46T5aqoitafk8,Engine & Engine Components,17,true
nf3q7I1dkdwyTdcWDyHG,Turbocharger & Actuator,turbocharger-actuator,turbochargeractuator,LvMYWuo46T5aqoitafk8,Engine & Engine Components,18,true
ROVitigHD9w1Pb1XBQdU,Intercooler & Connecting Hoses,intercooler-connecting-hoses,intercoolerconnectinghoses,LvMYWuo46T5aqoitafk8,Engine & Engine Components,19,true
9UAkqjztSAAueK0yiNpF,Intake Manifold,intake-manifold,intakemanifold,LvMYWuo46T5aqoitafk8,Engine & Engine Components,20,true
RJEzJj1d7pdczFRZfKl3,Crankshaft Damper Pulley,crankshaft-damper-pulley,crankshaftdamperpulley,LvMYWuo46T5aqoitafk8,Engine & Engine Components,21,true
bIrPxrGw6cIdLFYxHd2x,Flywheel Ring Gear,flywheel-ring-gear,flywheelringgear,LvMYWuo46T5aqoitafk8,Engine & Engine Components,22,true
7K1TV4ybNe5TrbmhKUtc,Engine Oil Dipstick & Tube,engine-oil-dipstick-tube,engineoildipsticktube,LvMYWuo46T5aqoitafk8,Engine & Engine Components,23,true
MKtGqXCNvXCzAVZrLBDq,PCV (Positive Crankcase Ventilation) Valve,pcv-positive-crankcase-ventilation-valve,pcvpositivecrankcaseventilationvalve,LvMYWuo46T5aqoitafk8,Engine & Engine Components,24,true
0lOQZpxwq9aQaavew50G,Engine Oil Filter,engine-oil-filter,engineoilfilter,kVI5sumNRE5rbGo0QTFJ,Filters & Maintenance,1,true
CPFoI9HS4MP7hIc5vv2g,Engine Air Filter,engine-air-filter,engineairfilter,kVI5sumNRE5rbGo0QTFJ,Filters & Maintenance,2,true
H4vfnH5tMYVim2iE5tUa,Fuel Filter / Inline Fuel Strainer,fuel-filter-inline-fuel-strainer,fuelfilterinlinefuelstrainer,kVI5sumNRE5rbGo0QTFJ,Filters & Maintenance,3,true
u3HiDciT1pQ0Q5fhR32f,Cabin AC Filter (Pollen / Activated Carbon),cabin-ac-filter-pollen-activated-carbon,cabinacfilterpollenactivatedcarbon,kVI5sumNRE5rbGo0QTFJ,Filters & Maintenance,4,true
jY1QvNTSRC8MWQRG3a41,Automatic Transmission Fluid (ATF) Filter,automatic-transmission-fluid-atf-filter,automatictransmissionfluidatffilter,kVI5sumNRE5rbGo0QTFJ,Filters & Maintenance,5,true
YVISVWCKrJbtPpqssvOM,Fuel Tank Pre-Filter Strainer,fuel-tank-pre-filter-strainer,fueltankprefilterstrainer,kVI5sumNRE5rbGo0QTFJ,Filters & Maintenance,6,true
Ul8eVIcHTzYCY9exu9QM,Engine Crankcase Breather Filter,engine-crankcase-breather-filter,enginecrankcasebreatherfilter,kVI5sumNRE5rbGo0QTFJ,Filters & Maintenance,7,true
142wkAPI8Pw9ABEh3OYT,Clutch Friction Plate / Disc,clutch-friction-plate-disc,clutchfrictionplatedisc,VhGB7qulH6pyXncgg063,Clutch & Transmission,1,true
ZGhSsUXH2flyjIjDeBPg,Clutch Pressure Plate / Cover,clutch-pressure-plate-cover,clutchpressureplatecover,VhGB7qulH6pyXncgg063,Clutch & Transmission,2,true
hR49VGvHF9DLHHxPpyjc,Clutch Release Bearing / Concentric Slave (CSC),clutch-release-bearing-concentric-slave-csc,clutchreleasebearingconcentricslavecsc,VhGB7qulH6pyXncgg063,Clutch & Transmission,3,true
ijnUl2fXxOT7yqmo5pFs,Complete 3-Piece Clutch Kit,complete-3-piece-clutch-kit,complete3piececlutchkit,VhGB7qulH6pyXncgg063,Clutch & Transmission,4,true
RJWSGFLvVTjJnFhIXBz7,Flywheel (Single Mass / Dual Mass),flywheel-single-mass-dual-mass,flywheelsinglemassdualmass,VhGB7qulH6pyXncgg063,Clutch & Transmission,5,true
H9PMLNpZZuMs6duILfBI,Clutch Master Cylinder,clutch-master-cylinder,clutchmastercylinder,VhGB7qulH6pyXncgg063,Clutch & Transmission,6,true
Pbpldj8PYvGKJwbWcSFg,Clutch Slave Cylinder,clutch-slave-cylinder,clutchslavecylinder,VhGB7qulH6pyXncgg063,Clutch & Transmission,7,true
KCge7VkXs1Y6zHm2Fp4f,Clutch Operating Cable,clutch-operating-cable,clutchoperatingcable,VhGB7qulH6pyXncgg063,Clutch & Transmission,8,true
ilCjjnN2nIcF38OMPLoP,Gear Shifter Cables,gear-shifter-cables,gearshiftercables,VhGB7qulH6pyXncgg063,Clutch & Transmission,9,true
U1WU5ns450XuUl8f5MGp,Gear Shift Lever & Knob Assembly,gear-shift-lever-knob-assembly,gearshiftleverknobassembly,VhGB7qulH6pyXncgg063,Clutch & Transmission,10,true
CQzyWpAY5SHVqkF7KH6F,CV Axle Shaft Assembly (Left / Right),cv-axle-shaft-assembly-left-right,cvaxleshaftassemblyleftright,VhGB7qulH6pyXncgg063,Clutch & Transmission,11,true
X7dKEoGr686dX0WWSMru,CV Joint Outer Kit,cv-joint-outer-kit,cvjointouterkit,VhGB7qulH6pyXncgg063,Clutch & Transmission,12,true
dPyJBbQTGXMI6vx4ohpn,CV Joint Inner Kit,cv-joint-inner-kit,cvjointinnerkit,VhGB7qulH6pyXncgg063,Clutch & Transmission,13,true
xP8ve26PEjPydE7YBfgw,CV Joint Rubber Boot Kit,cv-joint-rubber-boot-kit,cvjointrubberbootkit,VhGB7qulH6pyXncgg063,Clutch & Transmission,14,true
sgBAEn5PXJywsZKjy2G3,Propeller Shaft & Center Support Bearing,propeller-shaft-center-support-bearing,propellershaftcentersupportbearing,VhGB7qulH6pyXncgg063,Clutch & Transmission,15,true
z3kdJWUe1IHNiW3qIAYP,"Differential Gears, Bearings & Oil Seals",differential-gears-bearings-oil-seals,differentialgearsbearingsoilseals,VhGB7qulH6pyXncgg063,Clutch & Transmission,16,true
AYhvKUwWEbrdkdcVqzzF,Synchronizer Rings & Transmission Bearings,synchronizer-rings-transmission-bearings,synchronizerringstransmissionbearings,VhGB7qulH6pyXncgg063,Clutch & Transmission,17,true
sgos6j50CA2LeLkwVsfm,Front Shock Absorber Struts,front-shock-absorber-struts,frontshockabsorberstruts,PpqM7pX6VjfciZbFh9X6,Suspension & Arms,1,true
DIN4rvqiVwnRAXLfl3VD,Rear Shock Absorbers,rear-shock-absorbers,rearshockabsorbers,PpqM7pX6VjfciZbFh9X6,Suspension & Arms,2,true
ajolanWGek92ujNmnQ4m,Strut Top Mounts & Bearings,strut-top-mounts-bearings,struttopmountsbearings,PpqM7pX6VjfciZbFh9X6,Suspension & Arms,3,true
SsOfank60BgSPkGTFjQs,Front Coil Springs,front-coil-springs,frontcoilsprings,PpqM7pX6VjfciZbFh9X6,Suspension & Arms,4,true
2TOlwEpwht0S8Mu5duRf,Rear Coil Springs,rear-coil-springs,rearcoilsprings,PpqM7pX6VjfciZbFh9X6,Suspension & Arms,5,true
J0WecZrKndVezlJe9LNA,Rear Leaf Spring Assembly & Bushes,rear-leaf-spring-assembly-bushes,rearleafspringassemblybushes,PpqM7pX6VjfciZbFh9X6,Suspension & Arms,6,true
djNC2gA8eJC1td1HOm4q,Front Lower Control Arm (Wishbone),front-lower-control-arm-wishbone,frontlowercontrolarmwishbone,PpqM7pX6VjfciZbFh9X6,Suspension & Arms,7,true
cuQIOGpJKtE5Gh2da2C5,Upper Control Arms,upper-control-arms,uppercontrolarms,PpqM7pX6VjfciZbFh9X6,Suspension & Arms,8,true
bFj4tRksh3yXc0QPabN6,Control Arm Rubber Bushes,control-arm-rubber-bushes,controlarmrubberbushes,PpqM7pX6VjfciZbFh9X6,Suspension & Arms,9,true
VPM6nE6yZPsQ4aANZSVE,Lower Suspension Ball Joints,lower-suspension-ball-joints,lowersuspensionballjoints,PpqM7pX6VjfciZbFh9X6,Suspension & Arms,10,true
DHmcTSCaK9znQODnH6xr,Stabilizer / Sway Bar Link Rods,stabilizer-sway-bar-link-rods,stabilizerswaybarlinkrods,PpqM7pX6VjfciZbFh9X6,Suspension & Arms,11,true
9Cbx31JnwDosGehRxfCs,Stabilizer Bar D-Bushes,stabilizer-bar-d-bushes,stabilizerbardbushes,PpqM7pX6VjfciZbFh9X6,Suspension & Arms,12,true
f5zU4vjc3HW9yd8H92iO,Front Subframe / Crossmember,front-subframe-crossmember,frontsubframecrossmember,PpqM7pX6VjfciZbFh9X6,Suspension & Arms,13,true
PXwItDfhCsS8S4MhpP40,Torsion Bars & Bump Stops,torsion-bars-bump-stops,torsionbarsbumpstops,PpqM7pX6VjfciZbFh9X6,Suspension & Arms,14,true
Wyc4t4MRsiu7m0gKwC8U,Steering Rack & Pinion Assembly,steering-rack-pinion-assembly,steeringrackpinionassembly,sAx2cVnxekOns9CR1TXr,Steering System,1,true
tpCfSnG3v0vhPubz581b,Steering Outer Tie Rod Ends,steering-outer-tie-rod-ends,steeringoutertierodends,sAx2cVnxekOns9CR1TXr,Steering System,2,true
8RM9gRSiKVPATcozzj9b,Steering Inner Rack Ends / Axial Rods,steering-inner-rack-ends-axial-rods,steeringinnerrackendsaxialrods,sAx2cVnxekOns9CR1TXr,Steering System,3,true
FmJPZx5RZJwiAST6x0mA,Steering Rack Rubber Bellows / Boots,steering-rack-rubber-bellows-boots,steeringrackrubberbellowsboots,sAx2cVnxekOns9CR1TXr,Steering System,4,true
pFtiV3ho6rXmfG6caSqg,Electric Power Steering (EPS) Column & Motor,electric-power-steering-eps-column-motor,electricpowersteeringepscolumnmotor,sAx2cVnxekOns9CR1TXr,Steering System,5,true
OnhQATw7FamJbQyrRnAU,Hydraulic Power Steering Pump,hydraulic-power-steering-pump,hydraulicpowersteeringpump,sAx2cVnxekOns9CR1TXr,Steering System,6,true
lWzIhff7E7UL5nAVkk51,Power Steering Fluid Reservoir & Pipes,power-steering-fluid-reservoir-pipes,powersteeringfluidreservoirpipes,sAx2cVnxekOns9CR1TXr,Steering System,7,true
QtOhkW0kLARYQWM9mN5q,Steering Intermediate Shaft & U-Joint,steering-intermediate-shaft-u-joint,steeringintermediateshaftujoint,sAx2cVnxekOns9CR1TXr,Steering System,8,true
ZALoiE9JMApd7FiJKz9v,Steering Knuckle / Wheel Spindle,steering-knuckle-wheel-spindle,steeringknucklewheelspindle,sAx2cVnxekOns9CR1TXr,Steering System,9,true
fvbOieRtoFIz2nmPcpt8,Engine Radiator,engine-radiator,engineradiator,0P4B0ID1IbQxBPxhNKHJ,Cooling System,1,true
bU0Lth8db9Ju8MaTcx5W,Radiator Pressure Cap,radiator-pressure-cap,radiatorpressurecap,0P4B0ID1IbQxBPxhNKHJ,Cooling System,2,true
2qQuT80z1JNBU9N9q9JR,Radiator Cooling Fan & Motor Assembly,radiator-cooling-fan-motor-assembly,radiatorcoolingfanmotorassembly,0P4B0ID1IbQxBPxhNKHJ,Cooling System,3,true
r7g3WLCcJGnLQqZ2eQmT,Radiator Upper & Lower Rubber Hoses,radiator-upper-lower-rubber-hoses,radiatorupperlowerrubberhoses,0P4B0ID1IbQxBPxhNKHJ,Cooling System,4,true
QNx0oH0dfkGZ1mNyRikX,Engine Water Pump,engine-water-pump,enginewaterpump,0P4B0ID1IbQxBPxhNKHJ,Cooling System,5,true
Tqt5g9EzsaEWKqo4GtoC,Thermostat Valve & Housing Assembly,thermostat-valve-housing-assembly,thermostatvalvehousingassembly,0P4B0ID1IbQxBPxhNKHJ,Cooling System,6,true
tecVqW89uAdvakmLhLzb,Coolant Expansion Reservoir Tank & Cap,coolant-expansion-reservoir-tank-cap,coolantexpansionreservoirtankcap,0P4B0ID1IbQxBPxhNKHJ,Cooling System,7,true
B34QmMgn8GXOO2FSr8JY,Engine Oil Cooler,engine-oil-cooler,engineoilcooler,0P4B0ID1IbQxBPxhNKHJ,Cooling System,8,true
IdqmDkXSMd1jD3BIK50R,Heater Core Hoses & Connectors,heater-core-hoses-connectors,heatercorehosesconnectors,0P4B0ID1IbQxBPxhNKHJ,Cooling System,9,true
1rK6JcBtm2f0AbomVZGn,AC Compressor & Magnetic Clutch,ac-compressor-magnetic-clutch,accompressormagneticclutch,rmdsd4ocQZG3FnIkUh3Q,Air Conditioning & Climate,1,true
gDTa9d7novTlPv6Q0ZgR,AC Condenser & Receiver Drier,ac-condenser-receiver-drier,accondenserreceiverdrier,rmdsd4ocQZG3FnIkUh3Q,Air Conditioning & Climate,2,true
gAtDH5xn6u4qQjwmyhPB,AC Cooling Coil / Evaporator Core,ac-cooling-coil-evaporator-core,accoolingcoilevaporatorcore,rmdsd4ocQZG3FnIkUh3Q,Air Conditioning & Climate,3,true
Wf4M2K81PCpDrUIREv0K,AC Expansion Valve,ac-expansion-valve,acexpansionvalve,rmdsd4ocQZG3FnIkUh3Q,Air Conditioning & Climate,4,true
MdGDcffmZznvhCPfjXSd,Cabin Heater Core / Matrix,cabin-heater-core-matrix,cabinheatercorematrix,rmdsd4ocQZG3FnIkUh3Q,Air Conditioning & Climate,5,true
j6IGyhwIkssjZwCDelHU,AC Cabin Blower Motor Assembly,ac-cabin-blower-motor-assembly,accabinblowermotorassembly,rmdsd4ocQZG3FnIkUh3Q,Air Conditioning & Climate,6,true
nJZ4BdwXEpYibxeUUZ7Q,AC Blower Resistor / Regulator,ac-blower-resistor-regulator,acblowerresistorregulator,rmdsd4ocQZG3FnIkUh3Q,Air Conditioning & Climate,7,true
gpfS7Pp2YiwaYUvCpo4W,AC High & Low Pressure Lines / Hoses,ac-high-low-pressure-lines-hoses,achighlowpressurelineshoses,rmdsd4ocQZG3FnIkUh3Q,Air Conditioning & Climate,8,true
hRLvv42Y1aynhNP8eZOw,AC Pressure Sensor Switch,ac-pressure-sensor-switch,acpressuresensorswitch,rmdsd4ocQZG3FnIkUh3Q,Air Conditioning & Climate,9,true
BNYMG3LM6tjeIlBAeLgt,Electric In-Tank Fuel Pump Assembly,electric-in-tank-fuel-pump-assembly,electricintankfuelpumpassembly,Syi1kl1VnI3lCnSksKrB,Fuel Supply System,1,true
kdaDNYQjZlyPZnHDg61V,Fuel Level Sender Unit & Float,fuel-level-sender-unit-float,fuellevelsenderunitfloat,Syi1kl1VnI3lCnSksKrB,Fuel Supply System,2,true
uRY4RSxqeYo3BxJSAIIe,Fuel Injectors (Petrol / CRDi Diesel),fuel-injectors-petrol-crdi-diesel,fuelinjectorspetrolcrdidiesel,Syi1kl1VnI3lCnSksKrB,Fuel Supply System,3,true
BWBQxCwXWt88ilPirIvo,High Pressure Fuel Pump (CRDi / GDi),high-pressure-fuel-pump-crdi-gdi,highpressurefuelpumpcrdigdi,Syi1kl1VnI3lCnSksKrB,Fuel Supply System,4,true
8u1URLbbSreFPFXTHeVe,Common Fuel Rail,common-fuel-rail,commonfuelrail,Syi1kl1VnI3lCnSksKrB,Fuel Supply System,5,true
sTyVOAxC0KuGFYCcltBm,Fuel Pressure Regulator Valve,fuel-pressure-regulator-valve,fuelpressureregulatorvalve,Syi1kl1VnI3lCnSksKrB,Fuel Supply System,6,true
lCSViIEpixBAhqFYty52,Electronic Throttle Body,electronic-throttle-body,electronicthrottlebody,Syi1kl1VnI3lCnSksKrB,Fuel Supply System,7,true
xsTwD6VtMjwBFsGwtr8B,Accelerator Pedal Sensor / Cable,accelerator-pedal-sensor-cable,acceleratorpedalsensorcable,Syi1kl1VnI3lCnSksKrB,Fuel Supply System,8,true
qCAqsP2uR10U2C90nE6n,Fuel Tank Filler Neck & Cap,fuel-tank-filler-neck-cap,fueltankfillerneckcap,Syi1kl1VnI3lCnSksKrB,Fuel Supply System,9,true
p2f01B3rDyS3akqlqKCn,Fuel Evaporative (EVAP) Purge Valve,fuel-evaporative-evap-purge-valve,fuelevaporativeevappurgevalve,Syi1kl1VnI3lCnSksKrB,Fuel Supply System,10,true
2eHS6wr80zYBcz044hC9,Starter Motor Assembly,starter-motor-assembly,startermotorassembly,WMbSFQKbhwLqgyuX5WbK,"Electrical, Battery & Ignition",1,true
9bdhOXMosDptJJ7KoelH,Alternator / Generator,alternator-generator,alternatorgenerator,WMbSFQKbhwLqgyuX5WbK,"Electrical, Battery & Ignition",2,true
wJNH33VURaV9lCcGSMfT,Starter Motor Solenoid Switch,starter-motor-solenoid-switch,startermotorsolenoidswitch,WMbSFQKbhwLqgyuX5WbK,"Electrical, Battery & Ignition",3,true
MkBza8zQgoe3Abu4tPxA,Alternator Voltage Regulator & Rectifier,alternator-voltage-regulator-rectifier,alternatorvoltageregulatorrectifier,WMbSFQKbhwLqgyuX5WbK,"Electrical, Battery & Ignition",4,true
WsdcqyXdm5bb6vwcHh7O,Automotive Battery,automotive-battery,automotivebattery,WMbSFQKbhwLqgyuX5WbK,"Electrical, Battery & Ignition",5,true
j8iRABN3edj2J4pAZhcW,Battery Terminals & Battery Tray,battery-terminals-battery-tray,batteryterminalsbatterytray,WMbSFQKbhwLqgyuX5WbK,"Electrical, Battery & Ignition",6,true
BU93E0eZ2ZluJh8Yv5yL,Ignition Spark Plugs,ignition-spark-plugs,ignitionsparkplugs,WMbSFQKbhwLqgyuX5WbK,"Electrical, Battery & Ignition",7,true
Enxmcs7wUPi0AHcJg90M,Diesel Glow Plugs,diesel-glow-plugs,dieselglowplugs,WMbSFQKbhwLqgyuX5WbK,"Electrical, Battery & Ignition",8,true
AV2xBfur5HHS97X2cEva,Ignition Coils / Coil-on-Plug (COP),ignition-coils-coil-on-plug-cop,ignitioncoilscoilonplugcop,WMbSFQKbhwLqgyuX5WbK,"Electrical, Battery & Ignition",9,true
x4uZa8EoE4vn747Tpk83,HT Ignition Wires / Spark Plug Cables,ht-ignition-wires-spark-plug-cables,htignitionwiressparkplugcables,WMbSFQKbhwLqgyuX5WbK,"Electrical, Battery & Ignition",10,true
ZZlsqj8jgSCuiMlWjjAU,Vehicle Electric Horns (Dual Tone / Trumpet),vehicle-electric-horns-dual-tone-trumpet,vehicleelectrichornsdualtonetrumpet,WMbSFQKbhwLqgyuX5WbK,"Electrical, Battery & Ignition",11,true
hLHGc54tXYrD3bX9ESoi,Clock Spring / Spiral Cable,clock-spring-spiral-cable,clockspringspiralcable,WMbSFQKbhwLqgyuX5WbK,"Electrical, Battery & Ignition",12,true
NeSF7O8x40eaWzQLUAbf,Combination Stalk Switch (Light / Wiper),combination-stalk-switch-light-wiper,combinationstalkswitchlightwiper,WMbSFQKbhwLqgyuX5WbK,"Electrical, Battery & Ignition",13,true
iQHgCGahSrUGhrsIVV4h,Main Engine Fuse Box & Relays,main-engine-fuse-box-relays,mainenginefuseboxrelays,WMbSFQKbhwLqgyuX5WbK,"Electrical, Battery & Ignition",14,true
XfqCsyXDjmOFDYF5FCR4,Alternator Freewheel OAP Pulley,alternator-freewheel-oap-pulley,alternatorfreewheeloappulley,WMbSFQKbhwLqgyuX5WbK,"Electrical, Battery & Ignition",15,true
pi7UW4hVKzEh58BkDRS0,Oxygen (O2) Sensor (Upstream / Downstream),oxygen-o2-sensor-upstream-downstream,oxygeno2sensorupstreamdownstream,UQs7279mKaFlN9jsmFXq,"Sensors, Relays & ECUs",1,true
HDUSCi7za45inAhk8lN1,Mass Air Flow (MAF) Sensor,mass-air-flow-maf-sensor,massairflowmafsensor,UQs7279mKaFlN9jsmFXq,"Sensors, Relays & ECUs",2,true
n7BAxr0O7mjFXtUcIgUt,Manifold Absolute Pressure (MAP) Sensor,manifold-absolute-pressure-map-sensor,manifoldabsolutepressuremapsensor,UQs7279mKaFlN9jsmFXq,"Sensors, Relays & ECUs",3,true
WIodCwwrASzRbQb5Vq3u,Crankshaft Position (CKP) Sensor,crankshaft-position-ckp-sensor,crankshaftpositionckpsensor,UQs7279mKaFlN9jsmFXq,"Sensors, Relays & ECUs",4,true
ErzxtjATbzq3QUul8acn,Camshaft Position (CMP) Sensor,camshaft-position-cmp-sensor,camshaftpositioncmpsensor,UQs7279mKaFlN9jsmFXq,"Sensors, Relays & ECUs",5,true
jZHuGi4hxJ9bhJOytKf5,Engine Coolant Temperature (ECT) Sensor,engine-coolant-temperature-ect-sensor,enginecoolanttemperatureectsensor,UQs7279mKaFlN9jsmFXq,"Sensors, Relays & ECUs",6,true
jWhPoDOSUN1nmXLGQxY7,Engine Oil Pressure Warning Switch,engine-oil-pressure-warning-switch,engineoilpressurewarningswitch,UQs7279mKaFlN9jsmFXq,"Sensors, Relays & ECUs",7,true
iQa1TWzLwA7xeVlVHrrT,Engine Knock Sensor,engine-knock-sensor,engineknocksensor,UQs7279mKaFlN9jsmFXq,"Sensors, Relays & ECUs",8,true
fBxoMVe3PXriqubX2hEb,Throttle Position Sensor (TPS),throttle-position-sensor-tps,throttlepositionsensortps,UQs7279mKaFlN9jsmFXq,"Sensors, Relays & ECUs",9,true
s9pnGUxHWMCdXDUZXosE,Reverse Parking Sensors & Module,reverse-parking-sensors-module,reverseparkingsensorsmodule,UQs7279mKaFlN9jsmFXq,"Sensors, Relays & ECUs",10,true
rpNVwsb0AwptbgQZ600G,Tyre Pressure Monitoring (TPMS) Sensors,tyre-pressure-monitoring-tpms-sensors,tyrepressuremonitoringtpmssensors,UQs7279mKaFlN9jsmFXq,"Sensors, Relays & ECUs",11,true
sEoMJDqWaw5qPo39lPTl,Engine Control Unit (ECU / ECM),engine-control-unit-ecu-ecm,enginecontrolunitecuecm,UQs7279mKaFlN9jsmFXq,"Sensors, Relays & ECUs",12,true
UCx7wQQNtbwopxdnwYOB,Body Control Module (BCM),body-control-module-bcm,bodycontrolmodulebcm,UQs7279mKaFlN9jsmFXq,"Sensors, Relays & ECUs",13,true
RSAPrKMo5Mgj1MHVu3dN,Exhaust Manifold,exhaust-manifold,exhaustmanifold,7As44xhH9gGEL0fp8gU5,Exhaust & Emission System,1,true
2jntBTJc6fmYnJN025yb,Exhaust Downpipe & Flex Pipe,exhaust-downpipe-flex-pipe,exhaustdownpipeflexpipe,7As44xhH9gGEL0fp8gU5,Exhaust & Emission System,2,true
wcYEcRKycGcWvJTo54nB,Catalytic Converter Assembly,catalytic-converter-assembly,catalyticconverterassembly,7As44xhH9gGEL0fp8gU5,Exhaust & Emission System,3,true
p4RfciTK6GqhbAFVENkJ,Diesel Particulate Filter (DPF / Catalyser),diesel-particulate-filter-dpf-catalyser,dieselparticulatefilterdpfcatalyser,7As44xhH9gGEL0fp8gU5,Exhaust & Emission System,4,true
Z5yiONfsgPEM1bcNIULQ,Exhaust Center Silencer,exhaust-center-silencer,exhaustcentersilencer,7As44xhH9gGEL0fp8gU5,Exhaust & Emission System,5,true
YQcn3HFjualG66U5DyEp,Exhaust Rear Muffler,exhaust-rear-muffler,exhaustrearmuffler,7As44xhH9gGEL0fp8gU5,Exhaust & Emission System,6,true
quYL0gH46Zl4PugNNwI8,Exhaust Rubber Hangers & Brackets,exhaust-rubber-hangers-brackets,exhaustrubberhangersbrackets,7As44xhH9gGEL0fp8gU5,Exhaust & Emission System,7,true
AnNtY2TsMEMffPzcl2jK,"Exhaust Gaskets, Clamps & Flanges",exhaust-gaskets-clamps-flanges,exhaustgasketsclampsflanges,7As44xhH9gGEL0fp8gU5,Exhaust & Emission System,8,true
TBYQ0tkeh6Fe166SE2jZ,Exhaust Gas Recirculation (EGR) Valve,exhaust-gas-recirculation-egr-valve,exhaustgasrecirculationegrvalve,7As44xhH9gGEL0fp8gU5,Exhaust & Emission System,9,true
9l7RowEVI4fJuzFacTXe,EGR Cooler Assembly,egr-cooler-assembly,egrcoolerassembly,7As44xhH9gGEL0fp8gU5,Exhaust & Emission System,10,true
etsnLtlarKqOtSl6FUaQ,Headlight Assembly (Left / Right),headlight-assembly-left-right,headlightassemblyleftright,0NW4wvLi2kFkapAyNeK5,Lighting & Lamps,1,true
q36fZOkhkKPP3y1rkVi9,Tail Light Assembly (Left / Right),tail-light-assembly-left-right,taillightassemblyleftright,0NW4wvLi2kFkapAyNeK5,Lighting & Lamps,2,true
BTQiHU8LZC2YxUSvrmbU,Front Fog Lamp Assembly,front-fog-lamp-assembly,frontfoglampassembly,0NW4wvLi2kFkapAyNeK5,Lighting & Lamps,3,true
wrs7aenqrIxuQpkyqCOL,Daytime Running Lights (DRL),daytime-running-lights-drl,daytimerunninglightsdrl,0NW4wvLi2kFkapAyNeK5,Lighting & Lamps,4,true
jaloyFVKH7RZ7MbSsrRO,Side Fender / Mirror Turn Indicator,side-fender-mirror-turn-indicator,sidefendermirrorturnindicator,0NW4wvLi2kFkapAyNeK5,Lighting & Lamps,5,true
4Vco0C7QXo9gFGNOZ5uG,High Mount Third Brake Light,high-mount-third-brake-light,highmountthirdbrakelight,0NW4wvLi2kFkapAyNeK5,Lighting & Lamps,6,true
4PY4GUXmd6JegEJyt2hM,Rear Number Plate Lamps,rear-number-plate-lamps,rearnumberplatelamps,0NW4wvLi2kFkapAyNeK5,Lighting & Lamps,7,true
Wh0BF8yXw7LdkXhVvLNG,Interior Roof Reading Lights,interior-roof-reading-lights,interiorroofreadinglights,0NW4wvLi2kFkapAyNeK5,Lighting & Lamps,8,true
WlIEUv99EoiSHG7ymKFf,"Halogen Headlight Bulbs (H4, H7, H1, H11)",halogen-headlight-bulbs-h4-h7-h1-h11,halogenheadlightbulbsh4h7h1h11,0NW4wvLi2kFkapAyNeK5,Lighting & Lamps,9,true
JVBMlOh0seWinIhcYanj,LED Headlight Bulbs & Conversion Kits,led-headlight-bulbs-conversion-kits,ledheadlightbulbsconversionkits,0NW4wvLi2kFkapAyNeK5,Lighting & Lamps,10,true
QSNOTx9jLjT5uqJN8UHH,Front Bumper Cover,front-bumper-cover,frontbumpercover,HGWax20l1VUoxsG3XHu0,Body Parts & Panels,1,true
zqgdBNtVVrVvcfZJru4a,Rear Bumper Cover,rear-bumper-cover,rearbumpercover,HGWax20l1VUoxsG3XHu0,Body Parts & Panels,2,true
aOpy31oRmC6X2RoPpS0E,Bumper Lower Grille & Retainers,bumper-lower-grille-retainers,bumperlowergrilleretainers,HGWax20l1VUoxsG3XHu0,Body Parts & Panels,3,true
eowQnBa9fs0LadC7en8K,Front Radiator Main Grille,front-radiator-main-grille,frontradiatormaingrille,HGWax20l1VUoxsG3XHu0,Body Parts & Panels,4,true
G9d4cmtyWZ9YLN9eDXwK,Bonnet / Engine Hood,bonnet-engine-hood,bonnetenginehood,HGWax20l1VUoxsG3XHu0,Body Parts & Panels,5,true
GR4f8Fz8Vxn3eJE1i4N8,Hood Hinge & Hood Catch Latch,hood-hinge-hood-catch-latch,hoodhingehoodcatchlatch,HGWax20l1VUoxsG3XHu0,Body Parts & Panels,6,true
RFyl4g5Gnth1UzLFfelx,Front Mudguard / Fender (Left / Right),front-mudguard-fender-left-right,frontmudguardfenderleftright,HGWax20l1VUoxsG3XHu0,Body Parts & Panels,7,true
w0C1EGT0LerpWygiZIe2,Fender Inner Splash Liners,fender-inner-splash-liners,fenderinnersplashliners,HGWax20l1VUoxsG3XHu0,Body Parts & Panels,8,true
EoPeVO4DdVfzyRlD5YEY,"Car Doors (Front Left, Front Right, Rear)",car-doors-front-left-front-right-rear,cardoorsfrontleftfrontrightrear,HGWax20l1VUoxsG3XHu0,Body Parts & Panels,9,true
6yOXgHoMkBF2uRgH3M9b,Boot Lid / Tailgate Assembly,boot-lid-tailgate-assembly,bootlidtailgateassembly,HGWax20l1VUoxsG3XHu0,Body Parts & Panels,10,true
gjGqoVIl6FMiEwzDnKgJ,Tailgate Gas Struts / Lift Supports,tailgate-gas-struts-lift-supports,tailgategasstrutsliftsupports,HGWax20l1VUoxsG3XHu0,Body Parts & Panels,11,true
hn6dX9Orkm0B4YhxlGcF,Outside Rear View Mirror (ORVM) Assembly,outside-rear-view-mirror-orvm-assembly,outsiderearviewmirrororvmassembly,HGWax20l1VUoxsG3XHu0,Body Parts & Panels,12,true
jlB9lOE0IC8QzMkDZgVT,ORVM Mirror Glass & Outer Covers,orvm-mirror-glass-outer-covers,orvmmirrorglassoutercovers,HGWax20l1VUoxsG3XHu0,Body Parts & Panels,13,true
R4td5hgtf8nwU3jWmpuW,Exterior Door Handles & Locks,exterior-door-handles-locks,exteriordoorhandleslocks,HGWax20l1VUoxsG3XHu0,Body Parts & Panels,14,true
odQDfj5ntGPIliGc9Ft1,Front Windshield Glass,front-windshield-glass,frontwindshieldglass,HGWax20l1VUoxsG3XHu0,Body Parts & Panels,15,true
W64w54IZi2v21pelcP4C,Rear Windshield Glass & Defogger,rear-windshield-glass-defogger,rearwindshieldglassdefogger,HGWax20l1VUoxsG3XHu0,Body Parts & Panels,16,true
znr331Ir9s8Iwoo0MHAW,Door Window Glasses,door-window-glasses,doorwindowglasses,HGWax20l1VUoxsG3XHu0,Body Parts & Panels,17,true
dw1yU2ogo6GrKyXqIXvf,Window Regulator Mechanism & Motor,window-regulator-mechanism-motor,windowregulatormechanismmotor,HGWax20l1VUoxsG3XHu0,Body Parts & Panels,18,true
3g1eZ4JZV0QWEFC8SOaZ,Front Wiper Arms,front-wiper-arms,frontwiperarms,HGWax20l1VUoxsG3XHu0,Body Parts & Panels,19,true
404KOQxSP9nLR7KirITu,Windshield Wiper Blades (Pairs),windshield-wiper-blades-pairs,windshieldwiperbladespairs,HGWax20l1VUoxsG3XHu0,Body Parts & Panels,20,true
YCUS4vb4WZIromb5n94A,Rear Wiper Arm & Blade,rear-wiper-arm-blade,rearwiperarmblade,HGWax20l1VUoxsG3XHu0,Body Parts & Panels,21,true
BkUAUsnJiwCtbWh0kYaC,Windshield Washer Pump & Nozzles,windshield-washer-pump-nozzles,windshieldwasherpumpnozzles,HGWax20l1VUoxsG3XHu0,Body Parts & Panels,22,true
KDL9Lv8vpgvhh6TojHwF,Mud Flaps Set (Front & Rear),mud-flaps-set-front-rear,mudflapssetfrontrear,HGWax20l1VUoxsG3XHu0,Body Parts & Panels,23,true
RNI5topuzBazAMk9ITtS,Engine Underbody Guard / Skid Plate,engine-underbody-guard-skid-plate,engineunderbodyguardskidplate,HGWax20l1VUoxsG3XHu0,Body Parts & Panels,24,true
5G5j0OEPUDKHxTok80zL,Power Window Master Switch,power-window-master-switch,powerwindowmasterswitch,luUd7KKRSthUqbMgSMaB,Interior & Cabin Comfort,1,true
HwYb8sURgJ8Us2aV4E38,Interior Door Handles & Bezels,interior-door-handles-bezels,interiordoorhandlesbezels,luUd7KKRSthUqbMgSMaB,Interior & Cabin Comfort,2,true
8vdFNeLrYnbLDtww8AmJ,Dashboard AC Air Vents,dashboard-ac-air-vents,dashboardacairvents,luUd7KKRSthUqbMgSMaB,Interior & Cabin Comfort,3,true
1vAVtqf4C8KzJyijaES6,Sun Visors (Driver / Passenger),sun-visors-driver-passenger,sunvisorsdriverpassenger,luUd7KKRSthUqbMgSMaB,Interior & Cabin Comfort,4,true
64VLXIHxT2pyZTtaAYfU,Interior Day/Night Rear View Mirror,interior-day-night-rear-view-mirror,interiordaynightrearviewmirror,luUd7KKRSthUqbMgSMaB,Interior & Cabin Comfort,5,true
pd3bOox7ZTFGjLIU7cyl,Glove Box Lid & Latch,glove-box-lid-latch,gloveboxlidlatch,luUd7KKRSthUqbMgSMaB,Interior & Cabin Comfort,6,true
5hyWwJO9T0SmCSjgNuub,Seat Belt Assembly & Buckles,seat-belt-assembly-buckles,seatbeltassemblybuckles,luUd7KKRSthUqbMgSMaB,Interior & Cabin Comfort,7,true
tLFbzOh00ETEFYUt6WbT,"Accelerator, Brake & Clutch Pedal Pads",accelerator-brake-clutch-pedal-pads,acceleratorbrakeclutchpedalpads,luUd7KKRSthUqbMgSMaB,Interior & Cabin Comfort,8,true
QHh8j5l6MGhEAElWDs2U,Center Floor Console & Armrest,center-floor-console-armrest,centerfloorconsolearmrest,luUd7KKRSthUqbMgSMaB,Interior & Cabin Comfort,9,true
VyEEptZaOjb89ny3it36,Front Wheel Hub & Bearing Assembly,front-wheel-hub-bearing-assembly,frontwheelhubbearingassembly,bV81uRhAS9TYqbCF7YPb,"Wheels, Tyres & Hubs",1,true
rQIpPmQuSs61SQtBBlqU,Rear Wheel Hub & Bearing Assembly,rear-wheel-hub-bearing-assembly,rearwheelhubbearingassembly,bV81uRhAS9TYqbCF7YPb,"Wheels, Tyres & Hubs",2,true
DOaE5BBLJ6KwhWI4ElXb,Steel Wheel Rims,steel-wheel-rims,steelwheelrims,bV81uRhAS9TYqbCF7YPb,"Wheels, Tyres & Hubs",3,true
ehIUhJd5ihYGWOvqVFil,Alloy Wheel Rims,alloy-wheel-rims,alloywheelrims,bV81uRhAS9TYqbCF7YPb,"Wheels, Tyres & Hubs",4,true
oK56m6KzivVX4zva72zg,Wheel Lug Nuts / Bolts,wheel-lug-nuts-bolts,wheellugnutsbolts,bV81uRhAS9TYqbCF7YPb,"Wheels, Tyres & Hubs",5,true
KtFA3gdL0px44x5xp1RG,Wheel Studs,wheel-studs,wheelstuds,bV81uRhAS9TYqbCF7YPb,"Wheels, Tyres & Hubs",6,true
Jom4S8ggP3mKSdjOeVFn,Wheel Hub Caps / Center Caps,wheel-hub-caps-center-caps,wheelhubcapscentercaps,bV81uRhAS9TYqbCF7YPb,"Wheels, Tyres & Hubs",7,true
qlompw9mOKn8UDu6sShM,Passenger Car Radial Tyres,passenger-car-radial-tyres,passengercarradialtyres,bV81uRhAS9TYqbCF7YPb,"Wheels, Tyres & Hubs",8,true
9BQbrso8RsfBvb2oeSZD,Tyre Air Valves & Dust Caps,tyre-air-valves-dust-caps,tyreairvalvesdustcaps,bV81uRhAS9TYqbCF7YPb,"Wheels, Tyres & Hubs",9,true
uxZBZOVq078OcrBIEVkR,"Synthetic Engine Oil (0W-20, 5W-30, 5W-40)",synthetic-engine-oil-0w-20-5w-30-5w-40,syntheticengineoil0w205w305w40,iTqZqKnHVcF6034kqPhF,"Fluids, Oils & Consumables",1,true
MtRp2Ml21M7utDhjJFvM,"Semi-Synthetic & Mineral Engine Oil (10W-40, 15W-40, 20W-50)",semi-synthetic-mineral-engine-oil-10w-40-15w-40-20w-50,semisyntheticmineralengineoil10w4015w4020w50,iTqZqKnHVcF6034kqPhF,"Fluids, Oils & Consumables",2,true
BnxpnKGk9yZO9Xih6SJn,Brake Fluid (DOT 3 / DOT 4),brake-fluid-dot-3-dot-4,brakefluiddot3dot4,iTqZqKnHVcF6034kqPhF,"Fluids, Oils & Consumables",3,true
Xj7lSaHqGIwhNAUtSJK4,Engine Coolant / Antifreeze (Pre-mixed / Concentrate),engine-coolant-antifreeze-pre-mixed-concentrate,enginecoolantantifreezepremixedconcentrate,iTqZqKnHVcF6034kqPhF,"Fluids, Oils & Consumables",4,true
qTqcudhkvY022azqj57A,"Manual Transmission Gear Oil (75W-90, 80W-90)",manual-transmission-gear-oil-75w-90-80w-90,manualtransmissiongearoil75w9080w90,iTqZqKnHVcF6034kqPhF,"Fluids, Oils & Consumables",5,true
onX4KyIjO81Nx5N88TTb,Automatic Transmission Fluid (ATF / CVT / DCT),automatic-transmission-fluid-atf-cvt-dct,automatictransmissionfluidatfcvtdct,iTqZqKnHVcF6034kqPhF,"Fluids, Oils & Consumables",6,true
ckh8oVc9EAh0Mx0Ew2vk,Power Steering Hydraulic Fluid,power-steering-hydraulic-fluid,powersteeringhydraulicfluid,iTqZqKnHVcF6034kqPhF,"Fluids, Oils & Consumables",7,true
9Kv2kEQpY8f7n2rECTKg,Windshield Washer Concentrated Fluid,windshield-washer-concentrated-fluid,windshieldwasherconcentratedfluid,iTqZqKnHVcF6034kqPhF,"Fluids, Oils & Consumables",8,true
mrh0RxvQL4veoqflAW56,Rust Penetrant Spray (WD-40 / Multipurpose),rust-penetrant-spray-wd-40-multipurpose,rustpenetrantspraywd40multipurpose,iTqZqKnHVcF6034kqPhF,"Fluids, Oils & Consumables",9,true
p6NljzLP1MVVFNryPs57,High Temperature Wheel Bearing Grease,high-temperature-wheel-bearing-grease,hightemperaturewheelbearinggrease,iTqZqKnHVcF6034kqPhF,"Fluids, Oils & Consumables",10,true